,molecule_chembl_id,IC50,units,smiles,pIC50
0,CHEMBL348798,0.002,nM,CC(C)c1c(CC[C@@H](O)C[C@@H](O)CC(=O)[O-])c(-c2ccc(F)cc2)cn1C(C)C.[Na+],11.698970004336019
1,CHEMBL162642,0.014,nM,CC(C)c1c(/C=C/[C@@H](O)C[C@@H](O)CC(=O)[O-])c(-c2ccc(F)cc2)cn1-c1ccccc1.[Na+],10.853871964321762
2,CHEMBL159951,0.018,nM,CC(C)c1c(CC[C@@H](O)C[C@@H](O)CC(=O)[O-])c(-c2ccc(F)cc2)cn1C1CCCCC1.[Na+],10.744727494896694
3,CHEMBL160102,0.05,nM,CC(C)c1c(/C=C/[C@@H](O)C[C@@H](O)CC(=O)[O-])c(-c2ccc(F)cc2)cn1C(C)C.[Na+],10.301029995663981
4,CHEMBL2375155,0.106,nM,CC(C)c1c(/C=C/[C@H](O)C[C@@H](O)CC(=O)[O-])c(-c2ccc(F)cc2)cn1C1CCCCC1.[Na+],9.97469413473523
5,CHEMBL400874,0.2,nM,CC(C)n1c(CC[C@@H](O)C[C@@H](O)CC(=O)[O-])c(-c2ccc(F)cc2)c(-c2ccccc2)c1C(=O)NCc1ccc(C#N)cc1.[Na+],9.698970004336019
6,CHEMBL163277,0.27,nM,Cc1c(CC[C@@H](O)C[C@@H](O)CC(=O)[O-])c(-c2ccc(F)cc2)cn1C(C)C.[Na+],9.568636235841012
7,CHEMBL437774,0.3,nM,CC(C)n1c(CC[C@@H](O)C[C@@H](O)CC(=O)[O-])c(-c2ccc(F)cc2)c(-c2ccccc2)c1C(=O)Nc1ccc(C(=O)O)cc1.[Na+],9.522878745280337
8,CHEMBL399773,0.3,nM,CC(C)n1c(CC[C@@H](O)C[C@@H](O)CC(=O)[O-])c(-c2ccc(F)cc2)c(-c2ccc(F)cc2)c1C(=O)Nc1cccc(C(=O)N(C)C)c1.[Na+],9.522878745280337
9,CHEMBL228955,0.3,nM,CC(C)n1c(CC[C@@H](O)C[C@@H](O)CC(=O)[O-])c(-c2ccc(F)cc2)c2c1C(=O)N(c1ccccc1)CCC2.[Na+],9.522878745280337
10,CHEMBL250317,0.3,nM,CC(C)n1c(CC[C@@H](O)C[C@@H](O)CC(=O)[O-])c(-c2ccc(F)cc2)c(-c2ccccc2)c1C(=O)Nc1ccc(C(N)=O)cc1.[Na+],9.522878745280337
11,CHEMBL400973,0.4,nM,CC(C)n1c(CC[C@@H](O)C[C@@H](O)CC(=O)[O-])c(-c2ccc(F)cc2)c(-c2ccccc2)c1C(=O)Nc1ccc(O)cc1.[Na+],9.397940008672037
12,CHEMBL161829,0.57,nM,Cc1c(CC[C@@H](O)C[C@@H](O)CC(=O)[O-])c(-c2ccc(F)cc2)c(C)n1-c1ccccc1.[Na+],9.244125144327509
13,CHEMBL398551,0.6,nM,Cc1cc(CNC(=O)c2c(-c3ccccc3)c(-c3ccc(F)cc3)c(CC[C@@H](O)C[C@@H](O)CC(=O)[O-])n2C(C)C)nn1C.[Na+],9.221848749616356
14,CHEMBL250749,0.7,nM,COCc1ccc(CNC(=O)c2c(-c3ccccc3)c(-c3ccc(F)cc3)c(CC[C@@H](O)C[C@@H](O)CC(=O)[O-])n2C(C)C)cc1.[Na+],9.154901959985743
15,CHEMBL400747,0.7,nM,CC(C)n1c(CC[C@@H](O)C[C@@H](O)CC(=O)[O-])c(-c2ccc(F)cc2)c(-c2ccc(F)cc2)c1C(=O)Nc1cccc(O)c1.[Na+],9.154901959985743
16,CHEMBL249724,0.8,nM,COc1ccc(CNC(=O)c2c(-c3ccccc3)c(-c3ccc(F)cc3)c(CC[C@@H](O)C[C@@H](O)CC(=O)[O-])n2C(C)C)cc1.[Na+],9.096910013008056
17,CHEMBL399313,0.8,nM,CC(C)n1c(CC[C@@H](O)C[C@@H](O)CC(=O)[O-])c(-c2ccc(F)cc2)c(-c2ccccc2)c1C(=O)NCc1ccccc1.[Na+],9.096910013008056
18,CHEMBL398240,0.8,nM,CC(C)n1c(CC[C@@H](O)C[C@@H](O)CC(=O)[O-])c(-c2ccc(F)cc2)c(-c2ccccc2)c1C(=O)NCc1ccccn1.[Na+],9.096910013008056
19,CHEMBL2375156,0.83,nM,Cc1c(/C=C/[C@H](O)C[C@@H](O)CC(=O)[O-])c(-c2ccc(F)cc2)cn1-c1ccccc1.[Na+],9.080921907623926
20,CHEMBL3985556,1.0,nM,CC(C)c1nc(N(C)S(C)(=O)=O)nc(-c2ccc(F)cc2)c1/C=C/[C@H]1C[C@H](O)CC(Oc2c(F)cc(F)cc2F)O1,9.0
21,CHEMBL3963593,1.0,nM,CC(C)OC1C[C@@H](OCc2ccccc2)C[C@H](/C=C/c2c(-c3ccc(F)cc3)nc(N(C)S(C)(=O)=O)nc2C(C)C)O1,9.0
22,CHEMBL249906,1.2,nM,CC(C)n1c(CC[C@@H](O)C[C@@H](O)CC(=O)[O-])c(-c2ccc(F)cc2)c(-c2ccccc2)c1C(=O)NCc1cccc(C(N)=O)c1.[Na+],8.920818753952375
23,CHEMBL251499,1.2,nM,CC(C)n1c(CC[C@@H](O)C[C@@H](O)CC(=O)[O-])c(-c2ccc(F)cc2)c(-c2ccccc2)c1C(=O)NCc1ccc(C(=O)N(C)C)cc1.[Na+],8.920818753952375
24,CHEMBL403127,1.4,nM,CC(C)n1c(CC[C@@H](O)C[C@@H](O)CC(=O)[O-])c(-c2ccc(F)cc2)c(-c2ccccc2)c1C(=O)Nc1ccc(C(=O)N(C)C)cc1.[Na+],8.853871964321762
25,CHEMBL398239,1.5,nM,Cc1csc(CNC(=O)c2c(-c3ccccc3)c(-c3ccc(F)cc3)c(CC[C@@H](O)C[C@@H](O)CC(=O)[O-])n2C(C)C)n1.[Na+],8.823908740944319
26,CHEMBL389002,1.8,nM,CC(C)n1c(CC[C@@H](O)C[C@@H](O)CC(=O)O)c(-c2ccc(F)cc2)c(-c2ccc(F)cc2)c1C(=O)Nc1ccccc1,8.744727494896694
27,CHEMBL399315,1.8,nM,COc1cccc(CNC(=O)c2c(-c3ccccc3)c(-c3ccc(F)cc3)c(CC[C@@H](O)C[C@@H](O)CC(=O)[O-])n2C(C)C)c1.[Na+],8.744727494896694
28,CHEMBL394937,1.8,nM,CC(C)n1c(CC[C@@H](O)C[C@@H](O)CC(=O)[O-])c(-c2ccc(F)cc2)c(-c2ccccc2)c1C(=O)Nc1ccccc1.[Na+],8.744727494896694
29,CHEMBL228528,1.9,nM,CC(C)n1c(CC[C@@H](O)C[C@@H](O)CC(=O)[O-])c(-c2ccc(F)cc2)c2c3ccccc3n(-c3cccc(F)c3)c(=O)c21.[Na+],8.721246399047171
30,CHEMBL3677709,2.0,nM,CC(C)c1nc(N(C)S(C)(=O)=O)nc(-c2ccc(F)cc2)c1/C=C/[C@@H]1C[C@@H](OCc2ccccc2)CC(OCC(Cl)(Cl)Cl)O1,8.698970004336019
31,CHEMBL3896765,2.0,nM,CC(C)c1nc(N(C)S(C)(=O)=O)nc(-c2ccc(F)cc2)c1/C=C/[C@H]1C[C@H](O)CC(OCC(Cl)(Cl)Cl)O1,8.698970004336019
32,CHEMBL3906659,2.0,nM,COc1ccc(OC2C[C@@H](O)C[C@H](/C=C/c3c(-c4ccc(F)cc4)nc(N(C)S(C)(=O)=O)nc3C(C)C)O2)c(OC)c1,8.698970004336019
33,CHEMBL4088701,2.2,nM,CC[C@@H](C)C(=O)O[C@H]1C[C@@H](C)C=C2C=C[C@H](C)[C@H](CC[C@@H]3C[C@@H](O)CC(=O)O3)[C@H]21,8.657577319177793
34,CHEMBL401293,2.2,nM,CC(C)n1c(CC[C@@H](O)C[C@@H](O)CC(=O)[O-])c(-c2ccc(F)cc2)c(-c2ccccc2)c1C(=O)NCc1ccc(C(=O)O)cc1.[Na+],8.657577319177793
35,CHEMBL400560,2.6,nM,Cc1cc(CNC(=O)c2c(-c3ccccc3)c(-c3ccc(F)cc3)c(CC[C@@H](O)C[C@@H](O)CC(=O)[O-])n2C(C)C)n[nH]1.[Na+],8.585026652029182
36,CHEMBL250953,2.9,nM,CC(C)n1c(CC[C@@H](O)C[C@@H](O)CC(=O)[O-])c(-c2ccc(F)cc2)c(-c2ccccc2)c1C(=O)Nc1ccc(S(N)(=O)=O)cc1.[Na+],8.537602002101044
37,CHEMBL389216,2.9,nM,CC(C)n1c(CC[C@@H](O)C[C@@H](O)CC(=O)[O-])c(-c2ccc(F)cc2)c2c3ccccc3n(-c3cccc(Cl)c3)c(=O)c21.[Na+],8.537602002101044
38,CHEMBL3677708,3.0,nM,C=CCOC1C[C@H](OCc2ccccc2)C[C@@H](/C=C/c2c(-c3ccc(F)cc3)nc(N(C)S(C)(=O)=O)nc2C(C)C)O1,8.522878745280337
39,CHEMBL389442,3.0,nM,CC(C)n1c(CC[C@@H](O)C[C@@H](O)CC(=O)[O-])c(-c2ccc(F)cc2)c2c3ccccc3n(Cc3ccccc3F)c(=O)c21.[Na+],8.522878745280337
40,CHEMBL391002,3.0,nM,CC(C)n1c(CC[C@@H](O)C[C@@H](O)CC(=O)O)c(-c2ccc(F)cc2)c(-c2ccccc2)c1C(=O)N(C)Cc1ccccc1,8.522878745280337
41,CHEMBL438694,3.0,nM,CC(C)n1c(CC[C@@H](O)C[C@@H](O)CC(=O)[O-])c(-c2ccc(F)cc2)c(-c2ccccc2)c1C(N)=O.[Na+],8.522878745280337
42,CHEMBL249273,3.4,nM,Cc1cnc(CNC(=O)c2c(-c3ccccc3)c(-c3ccc(F)cc3)c(CC[C@@H](O)C[C@@H](O)CC(=O)[O-])n2C(C)C)[nH]1.[Na+],8.468521082957745
43,CHEMBL387514,3.5,nM,CC(C)n1c(CC[C@@H](O)C[C@@H](O)CC(=O)[O-])c(-c2ccc(F)cc2)c2c1C(=O)N(Cc1ccccc1)CCC2.[Na+],8.455931955649724
44,CHEMBL250707,3.8,nM,CC(C)n1c(CC[C@@H](O)C[C@@H](O)CC(=O)[O-])c(-c2ccc(F)cc2)c(-c2ccccc2)c1C(=O)NC1CC1.[Na+],8.42021640338319
45,CHEMBL3677707,4.0,nM,CC(C)c1nc(N(C)S(C)(=O)=O)nc(-c2ccc(F)cc2)c1/C=C/[C@@H]1C[C@@H](OCc2ccccc2)CC(OC(C)(C)C)O1,8.397940008672037
46,CHEMBL389443,4.7,nM,CC(C)n1c(CC[C@@H](O)C[C@@H](O)CC(=O)[O-])c(-c2ccc(F)cc2)c2c3ccccc3n(Cc3ccc(F)cc3)c(=O)c21.[Na+],8.327902142064282
47,CHEMBL2368190,4.8,nM,CC(C)c1nc(-c2ccc(F)cc2)c(/C=C/[C@@H]2C[C@@H](O)CC(=O)O2)c(C(C)C)n1,8.318758762624412
48,CHEMBL159103,5.0,nM,Cc1c(/C=C/[C@@H](O)C[C@@H](O)CC(=O)[O-])c(-c2ccc(F)cc2)c(C)n1-c1ccccc1.[Na+],8.301029995663981
49,CHEMBL2368199,5.0,nM,CC(C)c1nc(-c2ccccc2)cc(-c2ccc(F)cc2)c1/C=C/[C@@H]1C[C@@H](O)CC(=O)O1,8.301029995663981
50,CHEMBL2368188,5.0,nM,CC(C)c1nc(-c2ccccc2)nc(-c2ccc(F)cc2)c1/C=C/[C@@H]1C[C@@H](O)CC(=O)O1,8.301029995663981
51,CHEMBL1496,5.4,nM,CC(C)c1nc(N(C)S(C)(=O)=O)nc(-c2ccc(F)cc2)c1/C=C/[C@@H](O)C[C@@H](O)CC(=O)O,8.267606240177031
52,CHEMBL1161663,5.7,nM,CC(C)c1nc(-c2ccc(F)cc2)c(-c2ccc(F)cc2)n1/C=C/[C@H](O)C[C@@H](O)CC(=O)O,8.244125144327509
53,CHEMBL1487,6.0,nM,CC(C)c1c(C(=O)Nc2ccccc2)c(-c2ccccc2)c(-c2ccc(F)cc2)n1CC[C@@H](O)C[C@@H](O)CC(=O)O,8.221848749616356
54,CHEMBL345375,6.0,nM,Cc1c(/C=C/[C@@H](O)C[C@@H](O)CC(=O)[O-])c(-c2ccc(F)cc2)cn1C(C)C.[Na+],8.221848749616356
55,CHEMBL1161659,6.15,nM,CC(C)c1nc(-c2ccc(F)cc2)c(-c2ccc(F)cc2)n1/C=C/[C@H](O)C[C@H](O)CC(=O)O,8.211124884224583
56,CHEMBL250088,6.6,nM,COc1cccc(NC(=O)c2c(-c3ccc(F)cc3)c(-c3ccc(F)cc3)c(CC[C@@H](O)C[C@@H](O)CC(=O)[O-])n2C(C)C)c1.[Na+],8.18045606445813
57,CHEMBL2367478,7.0,nM,CC(C)c1nn(-c2ccccc2)c(-c2ccc(F)cc2)c1/C=C/[C@@H](O)C[C@@H](O)CC(=O)[O-].[Na+],8.154901959985743
58,CHEMBL2367472,7.0,nM,CC(C)c1nn(-c2cnccn2)c(-c2ccc(F)cc2)c1/C=C/[C@@H](O)C[C@@H](O)CC(=O)[O-].[Na+],8.154901959985743
59,CHEMBL1161653,7.0,nM,CCc1cc(-c2c(-c3ccc(F)cc3)nc(C(C)C)n2/C=C/[C@@H](O)C[C@@H](O)CC(=O)O)cc(CC)c1F,8.154901959985743
60,CHEMBL1161651,7.15,nM,CC(C)c1cc(-c2ccc(F)cc2)c(-c2cccc(Cl)c2)n1/C=C/[C@@H](O)C[C@@H](O)CC(=O)O,8.145693958198919
61,CHEMBL1161655,7.16,nM,CC(C)c1cc(-c2ccc(F)cc2)c(-c2cccc(Br)c2)n1/C=C/[C@@H](O)C[C@@H](O)CC(=O)O,8.145086977692145
62,CHEMBL1161640,7.25,nM,Cc1cc(C)cc(-c2c(-c3ccc(F)cc3)nc(C(C)C)n2/C=C/[C@@H](O)C[C@@H](O)CC(=O)O)c1,8.139661993429007
63,CHEMBL2368202,7.5,nM,CC(C)c1nc(-c2ccc(F)cc2)cc(-c2ccc(F)cc2)c1/C=C/[C@@H]1C[C@@H](O)CC(=O)O1,8.1249387366083
64,CHEMBL1161650,7.52,nM,Cc1cc(-c2c(-c3ccc(F)cc3)nc(C(C)C)n2/C=C/[C@@H](O)C[C@@H](O)CC(=O)O)cc(C)c1F,8.123782159408357
65,CHEMBL3349827,7.6,nM,CCC(C)(C)C(=O)O[C@@H]1C2C(=C[C@H](C)[C@H]1[C@H](C)O)C=C[C@H](C)[C@@H]2CC[C@@H]1C[C@@H](O)CC(=O)O1,8.119186407719209
66,CHEMBL1161646,7.6,nM,CC(C)c1cc(-c2ccc(F)cc2)c(-c2ccccc2)n1/C=C/[C@@H](O)C[C@@H](O)CC(=O)O,8.119186407719209
67,CHEMBL1161664,7.66,nM,CC(C)c1nc(-c2ccc(F)cc2)c(-c2cc(Cl)cc(Cl)c2)n1/C=C/[C@@H](O)C[C@@H](O)CC(=O)O,8.115771230367397
68,CHEMBL1161639,7.89,nM,O=C(O)C[C@H](O)C[C@H](O)/C=C/n1c(C(F)(F)F)nc(-c2ccc(F)cc2)c1-c1ccc(F)cc1,8.10292299679058
69,CHEMBL3971241,8.0,nM,CCCOC1C[C@@H](OC(=O)c2cccnc2)C[C@H](/C=C/c2c(-c3ccc(F)cc3)nc(N(C)S(C)(=O)=O)nc2C(C)C)O1,8.096910013008056
70,CHEMBL1161652,8.04,nM,CN(C)c1nc(-c2ccc(F)cc2)c(-c2ccc(F)cc2)n1/C=C/[C@@H](O)C[C@@H](O)CC(=O)O,8.094743951251548
71,CHEMBL1161660,8.1,nM,CC(C)c1nc(-c2ccc(F)cc2)c(-c2cccc(Cl)c2)n1/C=C/[C@@H](O)C[C@@H](O)CC(=O)O,8.09151498112135
72,CHEMBL1161648,8.15,nM,CC(C)(C)c1nc(-c2ccc(F)cc2)c(-c2ccc(F)cc2)n1/C=C/[C@@H](O)C[C@@H](O)CC(=O)O,8.088842391260023
73,CHEMBL1161661,8.3,nM,CC(C)c1cc(-c2ccncc2)c(-c2ccc(F)cc2)n1/C=C/[C@@H](O)C[C@@H](O)CC(=O)O,8.080921907623926
74,CHEMBL1161645,8.4,nM,Cc1cc(F)ccc1-c1c(-c2ccc(F)cc2)nc(C(C)C)n1/C=C/[C@@H](O)C[C@@H](O)CC(=O)O,8.075720713938118
75,CHEMBL1161647,8.52,nM,CNc1cccc(-c2nc(C(C)C)n(/C=C/[C@@H](O)C[C@@H](O)CC(=O)O)c2-c2ccc(F)cc2)c1,8.0695604052333
76,CHEMBL1161649,8.7,nM,CC(C)c1cc(-c2ccccc2)c(-c2ccc(F)cc2)n1/C=C/[C@@H](O)C[C@@H](O)CC(=O)O,8.060480747381382
77,CHEMBL1161657,8.7,nM,Cc1cc(-c2nc(C(C)C)n(/C=C/[C@@H](O)C[C@@H](O)CC(=O)O)c2-c2ccc(F)cc2)cc(C)c1Cl,8.060480747381382
78,CHEMBL1161641,8.7,nM,CC(C)c1nc(-c2cccc(S(C)(=O)=O)c2)c(-c2ccc(F)cc2)n1/C=C/[C@@H](O)C[C@@H](O)CC(=O)O,8.060480747381382
79,CHEMBL1161665,8.7,nM,CC(C)c1cc(-c2ccccn2)c(-c2ccc(F)cc2)n1/C=C/[C@@H](O)C[C@@H](O)CC(=O)O,8.060480747381382
80,CHEMBL1161654,8.7,nM,CC(C)c1cc(-c2cccc(Cl)c2)c(-c2ccc(F)cc2)n1/C=C/[C@@H](O)C[C@@H](O)CC(=O)O,8.060480747381382
81,CHEMBL1161644,8.7,nM,CC(C)c1cc(-c2ccc(F)cc2)c(-c2ccc(F)cc2)n1/C=C/[C@@H](O)C[C@@H](O)CC(=O)O,8.060480747381382
82,CHEMBL399771,8.8,nM,CNC(=O)c1c(-c2ccccc2)c(-c2ccc(F)cc2)c(CC[C@@H](O)C[C@@H](O)CC(=O)[O-])n1C(C)C.[Na+],8.05551732784983
83,CHEMBL1161656,9.0,nM,CC(C)c1c(-c2ccc(F)cc2)nc(-c2ccc(F)cc2)n1/C=C/[C@@H](O)C[C@@H](O)CC(=O)O,8.045757490560675
84,CHEMBL1161662,9.0,nM,CC(C)c1nc(-c2cccnc2)c(-c2ccc(F)cc2)n1/C=C/[C@@H](O)C[C@@H](O)CC(=O)O,8.045757490560675
85,CHEMBL333760,9.0,nM,CC(C)c1nc(-c2ccc(F)cc2)c(-c2ccc(F)cc2)n1/C=C/[C@@H](O)C[C@@H](O)CC(=O)O,8.045757490560675
86,CHEMBL1161658,9.3,nM,CC(C)c1cc(-c2cccc(Br)c2)c(-c2ccc(F)cc2)n1/C=C/[C@@H](O)C[C@@H](O)CC(=O)O,8.031517051446064
87,CHEMBL2368191,9.5,nM,CC(C)c1nc(C2CCCCC2)cc(-c2ccc(F)cc2)c1/C=C/[C@@H]1C[C@@H](O)CC(=O)O1,8.022276394711152
88,CHEMBL1161642,9.52,nM,CC(C)c1c(Br)c(-c2ccc(F)cc2)c(-c2ccc(F)cc2)n1/C=C/[C@@H](O)C[C@@H](O)CC(=O)O,8.021363051615525
89,CHEMBL228667,9.6,nM,CC(C)n1c(CC[C@@H](O)C[C@@H](O)CC(=O)[O-])c(-c2ccc(F)cc2)c2c1C(=O)N(c1ccccc1)Cc1ccccc1-2.[Na+],8.017728766960431
90,CHEMBL3971439,10.0,nM,CCCOC1C[C@@H](O)C[C@H](/C=C/c2c(-c3ccc(F)cc3)nc(N(C)S(C)(=O)=O)nc2C(C)C)O1,8.0
91,CHEMBL2368200,10.0,nM,CC(C)c1cc(-c2ccccc2)nc(-c2ccc(F)cc2)c1/C=C/[C@@H]1C[C@@H](O)CC(=O)O1,8.0
92,CHEMBL1477,10.0,nM,COCc1c(C(C)C)nc(C(C)C)c(/C=C/[C@@H](O)C[C@@H](O)CC(=O)O)c1-c1ccc(F)cc1,8.0
93,CHEMBL3349828,10.8,nM,CCC(C)(C)C(=O)O[C@@H]1C2C(=C[C@H](C)[C@H]1CO)C=C[C@H](C)[C@@H]2CC[C@@H]1C[C@@H](O)CC(=O)O1,7.966576244513051
94,CHEMBL1064,11.2,nM,CCC(C)(C)C(=O)O[C@H]1C[C@@H](C)C=C2C=C[C@H](C)[C@H](CC[C@@H]3C[C@@H](O)CC(=O)O3)[C@H]21,7.950781977329818
95,CHEMBL228954,11.7,nM,CC(C)n1c(CC[C@@H](O)C[C@@H](O)CC(=O)[O-])c(-c2ccc(F)cc2)c2c3ccccc3[nH]c(=O)c21.[Na+],7.931814138253838
96,CHEMBL249884,12.0,nM,CCNC(=O)c1c(-c2ccccc2)c(-c2ccc(F)cc2)c(CC[C@@H](O)C[C@@H](O)CC(=O)[O-])n1C(C)C.[Na+],7.920818753952375
97,CHEMBL3349544,12.1,nM,CCC(C)(C)C(=O)O[C@H]1C[C@@H](C)C=C2C=C[C@H](C)[C@H](CC[C@@H]3C[C@@H](O)CC(=O)O3)C21,7.91721462968355
98,CHEMBL399360,12.4,nM,CC(C)n1c(CC[C@@H](O)C[C@@H](O)CC(=O)[O-])c(-c2ccc(F)cc2)c(-c2ccc(F)cc2)c1C(=O)Nc1ccccc1.[Na+],7.906578314837764
99,CHEMBL3349824,13.3,nM,CCC(C)(C)C(=O)O[C@@H]1C2C(=C[C@H](C)[C@@H]1O)C=C[C@H](C)[C@@H]2CC[C@@H]1C[C@@H](O)CC(=O)O1,7.876148359032914
100,CHEMBL389441,13.9,nM,CC(C)n1c(CC[C@@H](O)C[C@@H](O)CC(=O)[O-])c(-c2ccc(F)cc2)c2c3ccccc3n(Cc3ccccc3)c(=O)c21.[Na+],7.856985199745905
101,CHEMBL250500,15.0,nM,CC(C)NC(=O)c1c(-c2ccccc2)c(-c2ccc(F)cc2)c(CC[C@@H](O)C[C@@H](O)CC(=O)[O-])n1C(C)C.[Na+],7.823908740944319
102,CHEMBL389217,16.4,nM,CC(C)n1c(CC[C@@H](O)C[C@@H](O)CC(=O)[O-])c(-c2ccc(F)cc2)c2c3ccccc3n(-c3ccc(F)cc3)c(=O)c21.[Na+],7.785156151952302
103,CHEMBL438662,16.7,nM,CC(C)n1c(CC[C@@H](O)C[C@@H](O)CC(=O)[O-])c(-c2ccc(F)cc2)c2c3ccccc3n(-c3ccccc3)c(=O)c21.[Na+],7.777283528852417
104,CHEMBL3970138,16.8,nM,CCC(C)C(=O)OC1C[C@@H](C)C=C2C=C[C@H](C)[C@H](CC[C@@H](O)C[C@@H](O)CC(=O)NO)[C@H]21,7.774690718274137
105,CHEMBL2367470,17.0,nM,O=C([O-])C[C@H](O)C[C@H](O)/C=C/c1c(C(F)(F)F)nn(-c2ccccn2)c1-c1ccc(F)cc1.[Na+],7.769551078621726
106,CHEMBL333443,18.0,nM,CC[C@H](C)C(=O)O[C@H]1C[C@@H](C)C=C2C=C[C@H](C)[C@H](CC[C@@H]3C[C@@H](O)CC(=O)O3)C21,7.7447274948966935
107,CHEMBL2368185,18.0,nM,CC(C)c1nc(-c2ccc(F)cc2)nc(-c2ccc(F)cc2)c1/C=C/[C@@H]1C[C@@H](O)CC(=O)O1,7.7447274948966935
108,CHEMBL3349825,19.7,nM,CCC(C)(C)C(=O)O[C@@H]1C2C(=C[C@H](C)[C@H]1[C@@H](O)c1ccccc1)C=C[C@H](C)[C@@H]2CC[C@@H]1C[C@@H](O)CC(=O)O1,7.7055337738384075
109,CHEMBL250090,20.0,nM,CC(C)n1c(CC[C@@H](O)C[C@@H](O)CC(=O)[O-])c(-c2ccc(F)cc2)c(-c2ccccc2)c1C(=O)N(C)C.[Na+],7.698970004336019
110,CHEMBL303515,20.0,nM,CC[C@H](C)C(=O)O[C@H]1C[C@@H](C)C=C2C=C[C@H](C)[C@H](CCC(O)C[C@@H](O)CC(=O)[O-])[C@H]21.[Na+],7.698970004336019
111,CHEMBL2368197,20.0,nM,CC(C)c1nc(C(C)(C)C)cc(-c2ccc(F)cc2)c1/C=C/[C@@H]1C[C@@H](O)CC(=O)O1,7.698970004336019
112,CHEMBL2368205,20.0,nM,Cc1ccc(C)c(-c2cc(-c3ccc(F)cc3)c(/C=C/[C@@H]3C[C@@H](O)CC(=O)O3)c(C(C)C)n2)c1,7.698970004336019
113,CHEMBL3684074,22.0,nM,COC1C[C@H](OCc2ccccc2)C[C@@H](/C=C/c2c(-c3ccc(F)cc3)nc(N(C)S(C)(=O)=O)nc2C(C)C)O1,7.657577319177793
114,CHEMBL2367477,24.0,nM,CC(C)c1nn(-c2ccccn2)c(-c2ccc(F)cc2)c1/C=C/[C@@H](O)C[C@@H](O)CC(=O)[O-].[Na+],7.619788758288394
115,CHEMBL2368189,26.0,nM,CC(C)c1nc(C2CCCCC2)nc(-c2ccc(F)cc2)c1/C=C/[C@@H]1C[C@@H](O)CC(=O)O1,7.585026652029182
116,CHEMBL2220442,28.0,nM,CC(C)n1c(/C=C/C(O)CC(O)CC(=O)O)c(-c2ccc(F)cc2)c2ccccc21,7.552841968657781
117,CHEMBL54440,28.4,nM,CC[C@H](C)C(=O)O[C@H]1CCC=C2C=C[C@H](C)[C@H](CC[C@@H]3C[C@@H](O)CC(=O)O3)[C@H]21,7.546681659952962
118,CHEMBL1144,30.0,nM,CC[C@H](C)C(=O)O[C@H]1C[C@H](O)C=C2C=C[C@H](C)[C@H](CC[C@@H](O)C[C@@H](O)CC(=O)O)[C@H]21,7.522878745280337
119,CHEMBL3704922,36.5,nM,C#Cc1ccc(NC(=O)O[C@H]2C[C@@H](C)C=C3C=C[C@H](C)[C@H](CC[C@@H]4C[C@@H](O[Si](C)(C)C(C)(C)C)CC(=O)O4)[C@H]32)cc1,7.437707135543525
120,CHEMBL228583,37.4,nM,CC(C)n1c(CC[C@@H](O)C[C@@H](O)CC(=O)[O-])c(-c2ccc(F)cc2)c2c3ccccc3n(Cc3cccc(F)c3)c(=O)c21.[Na+],7.42712839779952
121,CHEMBL503,39.0,nM,CC[C@H](C)C(=O)O[C@H]1C[C@@H](C)C=C2C=C[C@H](C)[C@H](CC[C@@H]3C[C@@H](O)CC(=O)O3)[C@H]21,7.4089353929735005
122,CHEMBL64962,40.0,nM,CC(C)c1nn(-c2ccccc2)c(-c2ccc(F)cc2)c1CCC(O)C[C@@H](O)CC(=O)[O-].[Na+],7.3979400086720375
123,CHEMBL2368198,50.0,nM,Cc1cc(-c2ccc(F)cc2)c(/C=C/[C@@H]2C[C@@H](O)CC(=O)O2)c(C(C)C)n1,7.301029995663981
124,CHEMBL3704923,53.8,nM,C#Cc1ccc(CNC(=O)O[C@H]2C[C@@H](C)C=C3C=C[C@H](C)[C@H](CC[C@@H]4C[C@@H](O[Si](C)(C)C(C)(C)C)CC(=O)O4)[C@H]32)cc1,7.269217724333611
125,CHEMBL2367471,59.0,nM,CC(C)c1nn(-c2nc3ccccc3s2)c(-c2ccc(F)cc2)c1/C=C/[C@@H](O)C[C@@H](O)CC(=O)[O-].[Na+],7.229147988357855
126,CHEMBL2367475,62.0,nM,CC(C)c1nn(-c2ccc3ccccc3n2)c(-c2ccc(F)cc2)c1/C=C/[C@@H](O)C[C@@H](O)CC(=O)[O-].[Na+],7.207608310501746
127,CHEMBL2111268,90.0,nM,Cc1nc(-c2ccccc2)cc(-c2ccc(F)cc2)c1/C=C/[C@@H]1C[C@@H](O)CC(=O)O1,7.045757490560675
128,CHEMBL65037,110.0,nM,CC(C)c1nn(-c2ccccn2)c(-c2ccc(F)cc2)c1CCC(O)C[C@@H](O)CC(=O)[O-].[Na+],6.958607314841775
129,CHEMBL2368194,150.0,nM,COc1ccc(-c2cc(-c3ccccc3)nc(C(C)C)c2/C=C/[C@@H]2C[C@@H](O)CC(=O)O2)cc1,6.823908740944319
130,CHEMBL1163804,160.0,nM,CC(C)[C@H](NC(=O)[C@H](Cc1ccc(O)cc1)NC(=O)CNC(=O)[C@H](Cc1ccccc1)NC(=O)[C@@H](N)CC(=O)O)C(=O)N[C@@H](C)C(=O)N[C@@H](CCC(=O)O)C(=O)O,6.795880017344075
131,CHEMBL1163150,240.0,nM,CC(C)[C@H](NC(=O)[C@H](Cc1ccc(O)cc1)NC(=O)CNC(=O)[C@H](Cc1ccccc1)NC(=O)[C@@H](N)CCC(=O)O)C(=O)N[C@@H](C)C(=O)N[C@@H](CCC(=O)O)C(=O)O,6.619788758288394
132,CHEMBL5220731,250.0,nM,Cc1ncsc1-c1ccc(CNC(=O)[C@@H]2C[C@@H](O)CN2C(=O)[C@H](NC(=O)CCCCCCCCCCNC(=O)OC2C[C@@H](C)C=C3C=C[C@H](C)[C@H](CC[C@@H](O)C[C@@H](O)CC=O)[C@H]32)C(C)(C)C)cc1,6.6020599913279625
133,CHEMBL1165024,260.0,nM,CC(C)[C@H](NC(=O)[C@H](Cc1ccc(O)cc1)NC(=O)CNC(=O)[C@H](Cc1ccccc1)NC(=O)[C@@H](N)[C@@H](C)O)C(=O)N[C@@H](C)C(=O)N[C@@H](CCC(=O)O)C(=O)O,6.585026652029182
134,CHEMBL1163149,270.0,nM,CC(C)[C@H](NC(=O)[C@H](Cc1ccc(O)cc1)NC(=O)CNC(=O)[C@H](Cc1ccccc1)NC(=O)CN)C(=O)N[C@@H](C)C(=O)N[C@@H](CCC(=O)O)C(=O)O,6.568636235841012
135,CHEMBL169046,300.0,nM,C[C@H](CCCC(C)(C)O)[C@H]1CC[C@H]2[C@@H]3CC=C4C[C@@H](O)CC[C@]4(C)[C@H]3CC[C@]12C,6.522878745280337
136,CHEMBL156695,370.0,nM,CC(C)c1nc(-c2ccccc2)cc(-c2ccc(F)cc2)c1CCC1C[C@@H](O)CC(=O)O1,6.431798275933005
137,CHEMBL1163723,410.0,nM,CC(C)[C@H](NC(=O)[C@H](Cc1ccc(O)cc1)NC(=O)CNC(=O)[C@@H](N)Cc1ccccc1)C(=O)N[C@@H](C)C(=O)N[C@@H](CCC(=O)O)C(=O)O,6.3872161432802645
138,CHEMBL489540,500.0,nM,CCCCCCCCC#CC#C/C=C/CCCC(=O)O,6.301029995663981
139,CHEMBL1165099,750.0,nM,NCC(=O)N[C@@H](Cc1ccc(F)cc1)C(=O)N1CCC[C@H]1C(=O)N[C@@H](CCC(=O)O)C(=O)NCC(=O)NCC(=O)O,6.1249387366083
140,CHEMBL133434,1000.0,nM,CC(=O)[C@@]12CC[C@H]([C@H](C)CCCC(C)C)[C@@]1(C)CCC1C2=CCC2C(C)(C)[C@@H](O)CC[C@]12C,6.0
141,CHEMBL276717,1290.0,nM,Cc1nnnn1C(/C=C/[C@@H](O)C[C@@H](O)CC(=O)[O-])=C(c1ccc(F)cc1)c1ccc(F)cc1.[Na+],5.889410289700751
142,CHEMBL5218794,1300.0,nM,Cc1ncsc1-c1ccc(CNC(=O)[C@@H]2C[C@@H](O)CN2C(=O)[C@H](NC(=O)CCCCCCCCCCNC(=O)OC2C[C@@H](C)C=C3C=C[C@H](C)[C@H](CC[C@@H]4C[C@@H](O)CC(=O)O4)[C@H]32)C(C)(C)C)cc1,5.886056647693163
143,CHEMBL690,1370.0,nM,CC[C@H](C)C(=O)O[C@H]1C[C@H](O)C=C2C=C[C@H](C)[C@H](CC[C@@H](O)C[C@@H](O)CC(=O)[O-])[C@H]21.[Na+],5.863279432843593
144,CHEMBL1165259,1470.0,nM,CC(C)[C@H](NC(=O)[C@H](Cc1ccc(O)cc1)NC(=O)[C@@H]1CCCN1C(=O)[C@@H](N)Cc1ccccc1)C(=O)N[C@@H](C)C(=O)N[C@@H](CCC(=O)O)C(=O)O,5.8326826652518236
145,CHEMBL504781,1500.0,nM,CCCCCCCCC#CC#C/C=C\CCCC(=O)O,5.823908740944319
146,CHEMBL133834,1500.0,nM,CC(C)CCC[C@@H](C)[C@H]1CC[C@@]2(C(C)O)C3=CCC4C(C)(C)[C@@H](O)CC[C@]4(C)C3CC[C@]12C,5.823908740944319
147,CHEMBL261622,1520.0,nM,NCC(=O)N[C@@H](Cc1ccccc1)C(=O)N1CCC[C@H]1C(=O)N[C@@H](CC(=O)O)C(=O)NCC(=O)NCC(=O)O,5.818156412055227
148,CHEMBL11891,1720.0,nM,O=C([O-])C[C@H](O)C[C@H](O)/C=C/C(=C(c1ccc(F)cc1)c1ccc(F)cc1)n1cnnn1.[Na+],5.764471553092451
149,CHEMBL261621,1780.0,nM,NCC(=O)N[C@@H](Cc1ccccc1)C(=O)N1CCC[C@H]1C(=O)N[C@@H](CCC(=O)O)C(=O)NCC(=O)NCC(=O)O,5.7495799976911055
150,CHEMBL2111271,2000.0,nM,Cc1cc(-c2ccc(F)cc2)c(/C=C/[C@@H]2C[C@@H](O)CC(=O)O2)c(C)n1,5.698970004336019
151,CHEMBL482803,2000.0,nM,CCCCCCCCC#C/C=C/CCCCCC(=O)O,5.698970004336019
152,CHEMBL1163145,2560.0,nM,CC(C)[C@H](NC(=O)[C@H](Cc1ccc(O)cc1)NC(=O)[C@H](Cc1ccccc1)NC(=O)[C@@H](N)Cc1ccccc1)C(=O)N[C@@H](C)C(=O)N[C@@H](CCC(=O)O)C(=O)O,5.59176003468815
153,CHEMBL482601,3000.0,nM,CCCCCCCCC#C/C=C\CCCCCC(=O)O,5.522878745280337
154,CHEMBL11804,3000.0,nM,Cn1nnnc1C(/C=C/[C@@H](O)C[C@@H](O)CC(=O)[O-])=C(c1ccc(F)cc1)c1ccc(F)cc1.[Na+],5.522878745280337
155,CHEMBL501307,3000.0,nM,CCCCC#CC#CCCCCCC(=O)O,5.522878745280337
156,CHEMBL506247,3127.0,nM,O=C(OC[C@H]1O[C@@H](OC(=O)c2cc(O)c(O)c(OC(=O)c3cc(O)c(O)c(O)c3)c2)[C@H](OC(=O)c2cc(O)c(O)c(OC(=O)c3cc(O)c(O)c(O)c3)c2)[C@@H](OC(=O)c2cc(O)c(O)c(OC(=O)c3cc(O)c(O)c(O)c3)c2)[C@@H]1OC(=O)c1cc(O)c(O)c(OC(=O)c2cc(O)c(O)c(O)c2)c1)c1cc(O)c(O)c(OC(=O)c2cc(O)c(O)c(O)c2)c1,5.504872118757067
157,CHEMBL1729,3370.0,nM,COc1cc(N)c(Cl)cc1C(=O)NC1CCN(CCCOc2ccc(F)cc2)CC1OC,5.4723700991286615
158,CHEMBL258583,3840.0,nM,CC(C)[C@H](NC(=O)[C@@H](N)Cc1ccc(F)cc1)C(=O)N[C@@H](C)C(=O)N[C@@H](CCC(=O)O)C(=O)O,5.415668775632469
159,CHEMBL50444,4000.0,nM,CC(O)(CC(=O)O)CC(=O)O,5.3979400086720375
160,CHEMBL1163691,4790.0,nM,CCCc1cc(OC)c(OC)cc1O,5.319664486585436
161,CHEMBL1164546,4820.0,nM,C[C@@H](O)[C@H](NC(=O)[C@@H]1CCCN1C(=O)[C@H](Cc1ccc(F)cc1)NC(=O)CN)C(=O)NCC(=O)NCC(=O)O,5.31695296176115
162,CHEMBL3344536,4940.0,nM,CCC(=O)c1cc(OC)c(OC)cc1O,5.306273051076353
163,CHEMBL485858,5000.0,nM,CCCCCCCCC#CC#CCCCCCC(=O)O,5.301029995663981
164,CHEMBL482804,5000.0,nM,CCCCCCCCC#CCCCCCCCC(=O)O,5.301029995663981
165,CHEMBL2111238,5000.0,nM,Cc1nc(-c2ccccc2)cc(-c2ccc(F)cc2)c1/C=C\[C@@H]1C[C@@H](O)CC(=O)O1,5.301029995663981
166,CHEMBL483819,5000.0,nM,CCCCCCCCC#CC#CC1OC1CCCC(=O)O,5.301029995663981
167,CHEMBL594813,5610.0,nM,COc1cccc(Sc2c(/C=C/[C@@H]3C[C@@H](O)CC(=O)O3)c(C3CC3)nc3ccc(F)cc23)c1,5.251037138743839
168,CHEMBL2347008,5700.0,nM,CC(C)c1c(C(=O)Nc2ccccc2)c(-c2ccccc2)c(-c2ccc(F)cc2)n1CC[C@@H](O)C[C@@H](O)CC(=O)NO,5.2441251443275085
169,CHEMBL333306,5860.0,nM,C/C=C/c1cc(OC)c(OC)cc1OC,5.232102383981909
170,CHEMBL1163189,6110.0,nM,CCCc1cc(OC)c(OCC(=O)OC)cc1O,5.213958789757446
171,CHEMBL3344540,6430.0,nM,CCCC(=O)c1cc(OC)c(OCC(=O)OC)cc1O,5.191789027075778
172,CHEMBL606813,6930.0,nM,O=C1C[C@H](O)C[C@@H](/C=C/c2c(C3CC3)nc3ccc(F)cc3c2Sc2ccc(F)cc2)O1,5.159266765388193
173,CHEMBL1164157,6950.0,nM,NCC(=O)N[C@@H](Cc1ccc(F)cc1)C(=O)N1CCC[C@H]1C(=O)N[C@@H](CC(=O)O)C(=O)NCC(=O)NCC(=O)O,5.158015195409886
174,CHEMBL448462,7000.0,nM,CCCCCCCCC#CC#CC(O)CCCCC(=O)O,5.154901959985743
175,CHEMBL608986,7100.0,nM,COc1cccc(Sc2cc3nc(C4CC4)c(/C=C/[C@@H]4C[C@@H](O)CC(=O)O4)c(Sc4cccc(OC)c4)c3cc2F)c1,5.1487416512809245
176,CHEMBL2347007,7900.0,nM,CCC(C)(C)C(=O)O[C@H]1C[C@@H](C)C=C2C=C[C@H](C)[C@H](CC[C@@H](O)C[C@@H](O)CC(=O)NO)[C@H]21,5.102372908709558
177,CHEMBL2393053,8400.0,nM,CC(C)=C[C@H]1C[C@H](C)[C@]2(CC[C@]3(C)C[C@@H]4C(C)=CC(=O)[C@H]4/C(C=O)=C\C[C@H]32)O1,5.075720713938118
178,CHEMBL1163146,8520.0,nM,CC(C)[C@H](NC(=O)[C@H](Cc1ccc(F)cc1)NC(=O)CNC(=O)[C@@H](N)Cc1ccccc1)C(=O)N[C@@H](C)C(=O)N[C@@H](CCC(=O)O)C(=O)O,5.0695604052333
179,CHEMBL1237061,8900.0,nM,O=C([O-])C[C@H](O)C[C@H](O)/C=C/c1c(C2CC2)nc2ccccc2c1-c1ccc(F)cc1.O=C([O-])C[C@H](O)C[C@H](O)/C=C/c1c(C2CC2)nc2ccccc2c1-c1ccc(F)cc1.[Ca+2],5.050609993355087
180,CHEMBL74667,10000.0,nM,CC(C)(O)CCCCc1cccc(/C=C/[C@]2(C)CC[C@@H](O)CC2)c1,5.0
181,CHEMBL605514,11300.0,nM,CC(C)c1ccc(Sc2c(/C=C/[C@@H]3C[C@@H](O)CC(=O)O3)c(C3CC3)nc3ccccc23)cc1,4.94692155651658
182,CHEMBL2347005,13200.0,nM,C[C@H]1C=C2C=C[C@H](C)[C@H](CC[C@@H]3C[C@@H](O[Si](C)(C)C(C)(C)C)CC(=O)O3)[C@H]2[C@@H](OC(=O)NCCCCCCC(=O)NO)C1,4.87942606879415
183,CHEMBL2347009,14900.0,nM,CC(C)c1nc(N(C)S(C)(=O)=O)nc(-c2ccc(F)cc2)c1/C=C/[C@@H](O)C[C@@H](O)CC(=O)NO,4.826813731587726
184,CHEMBL2347006,15900.0,nM,CC[C@H](C)C(=O)O[C@H]1C[C@@H](C)C=C2C=C[C@H](C)[C@H](CC[C@@H](O)C[C@@H](O)CC(=O)NO)[C@H]21,4.798602875679548
185,CHEMBL2347011,16100.0,nM,C[C@H]1C=C2C=C[C@H](C)[C@H](CC[C@@H]3C[C@@H](O[Si](C)(C)C(C)(C)C)CC(=O)O3)[C@H]2[C@@H](OC(=O)NCc2ccc(-c3cn(CCCCCCC(=O)NO)nn3)cc2)C1,4.79317412396815
186,CHEMBL258999,16940.0,nM,C[C@@H](O)[C@H](NC(=O)[C@@H]1CCCN1C(=O)[C@H](Cc1ccccc1)NC(=O)CN)C(=O)NCC(=O)NCC(=O)O,4.771086594005312
187,CHEMBL261334,19430.0,nM,CC(C)C[C@H](NC(=O)CN)C(=O)N1CCC[C@H]1C(=O)N[C@H](C(=O)NCC(=O)NCC(=O)O)[C@@H](C)O,4.7115271994002175
188,CHEMBL2203595,21700.0,nM,C/C(=C\CC[C@@H](C)[C@H]1C[C@H](O)[C@@]2(C)C3=CC[C@H]4C(C)(C)C(=O)CC[C@]4(C)C3=CC[C@]12C)C(=O)O,4.663540266151471
189,CHEMBL2347010,22300.0,nM,C[C@H]1C=C2C=C[C@H](C)[C@H](CC[C@@H]3C[C@@H](O[Si](C)(C)C(C)(C)C)CC(=O)O3)[C@H]2[C@@H](OC(=O)Nc2ccc(-c3cn(CCCCCCC(=O)NO)nn3)cc2)C1,4.651695136951839
190,CHEMBL2203597,22300.0,nM,C/C(=C\CC[C@@H](C)[C@H]1CC[C@@]2(C)C3=C(CC[C@]12C)[C@@]1(C)CC[C@H](O)C(C)(C)[C@@H]1CC3=O)C(=O)O,4.651695136951839
191,CHEMBL412295,22310.0,nM,CC(C)C[C@H](NC(=O)CN)C(=O)N1CCC[C@H]1C(=O)N[C@@H](CC(=O)O)C(=O)NCC(=O)NCC(=O)O,4.651500429716163
192,CHEMBL606359,25700.0,nM,COc1ccc2nc(C3CC3)c(/C=C/[C@@H]3C[C@@H](O)CC(=O)O3)c(Sc3ccc(F)cc3)c2c1,4.590066876668706
193,CHEMBL410639,27280.0,nM,CC(C)C[C@H](NC(=O)CN)C(=O)N1CCC[C@H]1C(=O)N[C@@H](CCC(=O)O)C(=O)NCC(=O)NCC(=O)O,4.564155634015559
194,CHEMBL486985,30200.0,nM,CC1=CCC[C@@H]2[C@@](C)(CCC3=CC(=O)O[C@@H]3O)[C@H](C)CC[C@@]12C,4.519993057042849
195,CHEMBL411443,41210.0,nM,CC(C)[C@H](NC(=O)[C@@H](N)Cc1ccc(O)cc1)C(=O)N[C@@H](C)C(=O)N[C@@H](CCC(=O)O)C(=O)O,4.384997385475412
196,CHEMBL594578,41300.0,nM,COc1ccc2nc(C3CC3)c(/C=C/[C@@H]3C[C@@H](O)CC(=O)O3)c(Sc3ccc(C(C)C)cc3)c2c1,4.384049948343599
197,CHEMBL409841,44810.0,nM,CC(C)[C@H](NC(=O)[C@H](C)NC(=O)[C@@H](N)Cc1ccc(O)cc1)C(=O)N[C@@H](CCC(=O)O)C(=O)O,4.348625056086957
198,CHEMBL593686,45700.0,nM,O=C1C[C@H](O)C[C@@H](/C=C/c2c(C3CC3)nc3cc(Sc4ccc(F)cc4)c(F)cc3c2Sc2ccc(F)cc2)O1,4.34008379993015
199,CHEMBL261748,52670.0,nM,CC[C@H](C)[C@H](N)C(=O)N[C@H](C(=O)N[C@@H](C)C(=O)N[C@@H](CCC(=O)O)C(=O)O)C(C)C,4.2784366816425194
200,CHEMBL595988,62400.0,nM,O=C1C[C@H](O)C[C@@H](/C=C/c2c(C3CC3)nc3ccccc3c2Sc2ccc(F)cc2)O1,4.204815410317576
201,CHEMBL259240,75230.0,nM,CC[C@H](C)[C@H](N)C(=O)N[C@@H](C)C(=O)N[C@H](C(=O)N[C@@H](CCC(=O)O)C(=O)O)C(C)C,4.123608938180812
202,CHEMBL1163198,152190.0,nM,CC[C@H](C)[C@H](N)C(=O)N[C@@H](C)C(=O)N[C@H](C(=O)N1CCC[C@H]1C(=O)N[C@H](C(=O)NCC(=O)N[C@H](C(=O)N[C@@H](C)C(=O)O)C(C)C)[C@@H](C)O)C(C)C,3.8176138829629336
203,CHEMBL260510,201120.0,nM,CC[C@H](C)[C@H](N)C(=O)N[C@@H](C)C(=O)N[C@H](C(=O)N1CCC[C@H]1C(=O)NCC(=O)N[C@@H](CCC(=O)O)C(=O)N[C@H](C(=O)N[C@@H](C)C(=O)O)C(C)C)C(C)C,3.6965447396581173
204,CHEMBL595754,359600.0,nM,COc1cccc(Sc2c(/C=C/[C@@H]3C[C@@H](O)CC(=O)O3)c(C3CC3)nc3cc(F)c(F)cc23)c1,3.4441803169388088
205,CHEMBL3986260,387000.0,nM,CC[C@H](C)C(=O)O[C@H]1C[C@@H](C)[C@H](O)C2=C[C@@H](O)[C@H](C)[C@H](CC[C@@H]3CC=CC(=O)O3)[C@H]21,3.4122890349810886
206,CHEMBL412060,484720.0,nM,CC(C)C[C@H](N)C(=O)N1CCC[C@H]1C(=O)N[C@@H](Cc1ccc(O)cc1)C(=O)N1CCC[C@H]1C(=O)O,3.3145090605115266
207,CHEMBL595984,759000.0,nM,CC(C)c1ccc(Sc2c(/C=C/[C@@H]3C[C@@H](O)CC(=O)O3)c(C3CC3)nc3cc(F)c(F)cc23)cc1,3.11975822410452
